{
    "ymax": 1,
    "format": "xy",
    "xarray": [
        0.0,
        0.050000000000000003,
        0.10000000000000001,
        0.15000000000000002,
        0.20000000000000001,
        0.25,
        0.29999999999999999,
        0.34999999999999998,
        0.39999999999999997,
        0.44999999999999996,
        0.49999999999999994,
        0.54999999999999993,
        0.59999999999999998,
        0.65000000000000002,
        0.70000000000000007,
        0.75000000000000011,
        0.80000000000000016,
        0.8500000000000002,
        0.90000000000000024,
        0.95000000000000029,
        1.0000000000000002,
        1.0500000000000003,
        1.1000000000000003,
        1.1500000000000004,
        1.2000000000000004,
        1.2500000000000004,
        1.3000000000000005,
        1.3500000000000005,
        1.4000000000000006,
        1.4500000000000006,
        1.5000000000000007,
        1.5500000000000007,
        1.6000000000000008,
        1.6500000000000008,
        1.7000000000000008,
        1.7500000000000009,
        1.8000000000000009,
        1.850000000000001,
        1.900000000000001,
        1.9500000000000011,
        2.0000000000000009,
        2.0500000000000007,
        2.1000000000000005,
        2.1500000000000004,
        2.2000000000000002,
        2.25,
        2.2999999999999998,
        2.3499999999999996,
        2.3999999999999995,
        2.4499999999999993,
        2.4999999999999991,
        2.5499999999999989,
        2.5999999999999988,
        2.6499999999999986,
        2.6999999999999984,
        2.7499999999999982,
        2.799999999999998,
        2.8499999999999979,
        2.8999999999999977,
        2.9499999999999975,
        2.9999999999999973,
        3.0499999999999972,
        3.099999999999997,
        3.1499999999999968,
        3.1999999999999966,
        3.2499999999999964,
        3.2999999999999963,
        3.3499999999999961,
        3.3999999999999959,
        3.4499999999999957,
        3.4999999999999956,
        3.5499999999999954,
        3.5999999999999952,
        3.649999999999995,
        3.6999999999999948,
        3.7499999999999947,
        3.7999999999999945,
        3.8499999999999943,
        3.8999999999999941,
        3.949999999999994,
        3.9999999999999938,
        4.0499999999999936,
        4.0999999999999934,
        4.1499999999999932,
        4.1999999999999931,
        4.2499999999999929,
        4.2999999999999927,
        4.3499999999999925,
        4.3999999999999924,
        4.4499999999999922,
        4.499999999999992,
        4.5499999999999918,
        4.5999999999999917,
        4.6499999999999915,
        4.6999999999999913,
        4.7499999999999911,
        4.7999999999999909,
        4.8499999999999908,
        4.8999999999999906,
        4.9499999999999904,
        4.9999999999999902,
        5.0499999999999901,
        5.0999999999999899
    ],
    "yname": "$\\mathcal{V}$",
    "yarray": [
        1.0,
        0.99663281403349568,
        0.97256595161554849,
        0.89512509685512698,
        0.74310169929060788,
        0.51459435305644263,
        0.36055864463199194,
        0.39592881206885955,
        0.40476252618100156,
        0.42281773040464821,
        0.33802853261791604,
        0.35868521758526628,
        0.55230467977712916,
        0.79809879410276341,
        0.93732026660356371,
        0.96265396406466419,
        0.95137300479322273,
        0.91638071538540278,
        0.83100770798085277,
        0.70061709881064493,
        0.56802320190889544,
        0.38313916938265291,
        0.26886348843015917,
        0.30504117401414987,
        0.3444472297408262,
        0.41518768406095868,
        0.54988020056817744,
        0.73203777227027644,
        0.87653682947765899,
        0.92400566799504602,
        0.90676993198518785,
        0.84960794206941004,
        0.77195178005436527,
        0.615680232200571,
        0.30502108419701651,
        0.31171837680363229,
        0.2551988480588897,
        0.24145091338499713,
        0.29704206984040304,
        0.43999502443229987,
        0.6706366466744702,
        0.8191407375057691,
        0.88802032940269682,
        0.88175043356677685,
        0.83786373470554865,
        0.75857625686675034,
        0.51766592563696401,
        0.41392106723197891,
        0.25708796983349147,
        0.17796887811725587,
        0.11579078820243538,
        0.26312484352548959,
        0.35667492288172487,
        0.60829117630035967,
        0.80051503585630568,
        0.86127531790373768,
        0.85798942963564329,
        0.80499053769766349,
        0.62594493828351805,
        0.54031132407658777,
        0.36168052790575217,
        0.21427477108282414,
        0.058194311533945567,
        0.10838882395745883,
        0.26048328096722462,
        0.49525212401375146,
        0.59851074330018195,
        0.74106859156444238,
        0.7984946571175946,
        0.77728894486965261,
        0.67926541027214193,
        0.62317972140179534,
        0.45284107879156937,
        0.31086053895844307,
        0.13486998066286332,
        0.04132838074238445,
        0.18755860659302148,
        0.38095776307081958,
        0.53347400864706007,
        0.69167305707980486,
        0.74658305277943726,
        0.76084157176373335,
        0.73960338423265726,
        0.67490696085089541,
        0.53859606408962191,
        0.39934407431153734,
        0.22433969945349325,
        0.059306324214657084,
        0.11261678514099202,
        0.2718037519038134,
        0.43137079845683163,
        0.58225575175585798,
        0.65495367985896857,
        0.72295923516136074,
        0.72428807132340578,
        0.67129547075124696,
        0.60099664278020526,
        0.46407455078459448,
        0.29945372120778579,
        0.12883203956606976,
        0.05798255219168983,
        0.15580519770994539,
        0.33009419952575392
    ],
    "ymin": 0,
    "xname": "T (s)",
    "name": "rephasing_wigner"
}