{
    "ymax": 1,
    "format": "xy",
    "xarray": [
        0.0,
        0.050000000000000003,
        0.10000000000000001,
        0.15000000000000002,
        0.20000000000000001,
        0.25,
        0.29999999999999999,
        0.34999999999999998,
        0.39999999999999997,
        0.44999999999999996,
        0.49999999999999994,
        0.54999999999999993,
        0.59999999999999998,
        0.65000000000000002,
        0.70000000000000007,
        0.75000000000000011,
        0.80000000000000016,
        0.8500000000000002,
        0.90000000000000024,
        0.95000000000000029,
        1.0000000000000002,
        1.0500000000000003,
        1.1000000000000003,
        1.1500000000000004,
        1.2000000000000004,
        1.2500000000000004,
        1.3000000000000005,
        1.3500000000000005,
        1.4000000000000006,
        1.4500000000000006,
        1.5000000000000007,
        1.5500000000000007,
        1.6000000000000008,
        1.6500000000000008,
        1.7000000000000008,
        1.7500000000000009,
        1.8000000000000009,
        1.850000000000001,
        1.900000000000001,
        1.9500000000000011,
        2.0000000000000009,
        2.0500000000000007,
        2.1000000000000005,
        2.1500000000000004,
        2.2000000000000002,
        2.25,
        2.2999999999999998,
        2.3499999999999996,
        2.3999999999999995,
        2.4499999999999993,
        2.4999999999999991,
        2.5499999999999989,
        2.5999999999999988,
        2.6499999999999986,
        2.6999999999999984,
        2.7499999999999982,
        2.799999999999998,
        2.8499999999999979,
        2.8999999999999977,
        2.9499999999999975,
        2.9999999999999973,
        3.0499999999999972,
        3.099999999999997,
        3.1499999999999968,
        3.1999999999999966,
        3.2499999999999964,
        3.2999999999999963,
        3.3499999999999961,
        3.3999999999999959,
        3.4499999999999957,
        3.4999999999999956,
        3.5499999999999954,
        3.5999999999999952,
        3.649999999999995,
        3.6999999999999948,
        3.7499999999999947,
        3.7999999999999945,
        3.8499999999999943,
        3.8999999999999941,
        3.949999999999994,
        3.9999999999999938,
        4.0499999999999936,
        4.0999999999999934,
        4.1499999999999932,
        4.1999999999999931,
        4.2499999999999929,
        4.2999999999999927,
        4.3499999999999925,
        4.3999999999999924,
        4.4499999999999922,
        4.499999999999992,
        4.5499999999999918,
        4.5999999999999917,
        4.6499999999999915,
        4.6999999999999913,
        4.7499999999999911,
        4.7999999999999909,
        4.8499999999999908,
        4.8999999999999906,
        4.9499999999999904,
        4.9999999999999902,
        5.0499999999999901,
        5.0999999999999899,
        5.1499999999999897,
        5.1999999999999895,
        5.2499999999999893,
        5.2999999999999892,
        5.349999999999989,
        5.3999999999999888,
        5.4499999999999886,
        5.4999999999999885,
        5.5499999999999883,
        5.5999999999999881,
        5.6499999999999879,
        5.6999999999999877,
        5.7499999999999876,
        5.7999999999999874,
        5.8499999999999872,
        5.899999999999987,
        5.9499999999999869,
        5.9999999999999867,
        6.0499999999999865,
        6.0999999999999863,
        6.1499999999999861,
        6.199999999999986,
        6.2499999999999858,
        6.2999999999999856,
        6.3499999999999854,
        6.3999999999999853,
        6.4499999999999851,
        6.4999999999999849,
        6.5499999999999847,
        6.5999999999999845,
        6.6499999999999844,
        6.6999999999999842,
        6.749999999999984,
        6.7999999999999838,
        6.8499999999999837,
        6.8999999999999835,
        6.9499999999999833,
        6.9999999999999831,
        7.0499999999999829,
        7.0999999999999828,
        7.1499999999999826,
        7.1999999999999824,
        7.2499999999999822,
        7.2999999999999821,
        7.3499999999999819,
        7.3999999999999817,
        7.4499999999999815,
        7.4999999999999813,
        7.5499999999999812,
        7.599999999999981,
        7.6499999999999808,
        7.6999999999999806,
        7.7499999999999805,
        7.7999999999999803,
        7.8499999999999801,
        7.8999999999999799,
        7.9499999999999797,
        7.9999999999999796
    ],
    "yname": "$\\mathcal{V}$",