{
    "ymax": 1, 
    "format": "xy", 
    "xarray": [
        0.02, 
        0.040000000000000001, 
        0.059999999999999998, 
        0.080000000000000002, 
        0.10000000000000001, 
        0.12000000000000001, 
        0.14000000000000001, 
        0.16, 
        0.17999999999999999, 
        0.19999999999999998, 
        0.21999999999999997, 
        0.23999999999999996, 
        0.25999999999999995, 
        0.27999999999999997, 
        0.29999999999999999, 
        0.32000000000000001, 
        0.34000000000000002, 
        0.36000000000000004, 
        0.38000000000000006, 
        0.40000000000000008, 
        0.4200000000000001, 
        0.44000000000000011, 
        0.46000000000000013, 
        0.48000000000000015, 
        0.50000000000000011, 
        0.52000000000000013, 
        0.54000000000000015, 
        0.56000000000000016, 
        0.58000000000000018, 
        0.6000000000000002, 
        0.62000000000000022, 
        0.64000000000000024, 
        0.66000000000000025, 
        0.68000000000000027, 
        0.70000000000000029, 
        0.72000000000000031, 
        0.74000000000000032, 
        0.76000000000000034, 
        0.78000000000000036, 
        0.80000000000000038, 
        0.8200000000000004, 
        0.84000000000000041, 
        0.86000000000000043, 
        0.88000000000000045, 
        0.90000000000000047, 
        0.92000000000000048, 
        0.9400000000000005, 
        0.96000000000000052, 
        0.98000000000000054, 
        1.0000000000000004, 
        1.0200000000000005, 
        1.0400000000000005, 
        1.0600000000000005, 
        1.0800000000000005, 
        1.1000000000000005, 
        1.1200000000000006, 
        1.1400000000000006, 
        1.1600000000000006, 
        1.1800000000000006, 
        1.2000000000000006, 
        1.2200000000000006, 
        1.2400000000000007, 
        1.2600000000000007, 
        1.2800000000000007, 
        1.3000000000000007, 
        1.3200000000000007, 
        1.3400000000000007, 
        1.3600000000000008, 
        1.3800000000000008, 
        1.4000000000000008, 
        1.4200000000000008, 
        1.4400000000000008, 
        1.4600000000000009, 
        1.4800000000000009, 
        1.5000000000000009, 
        1.5200000000000009, 
        1.5400000000000009, 
        1.5600000000000009, 
        1.580000000000001, 
        1.600000000000001, 
        1.620000000000001, 
        1.640000000000001, 
        1.660000000000001, 
        1.680000000000001, 
        1.7000000000000011, 
        1.7200000000000011, 
        1.7400000000000011, 
        1.7600000000000011, 
        1.7800000000000011, 
        1.8000000000000012, 
        1.8200000000000012, 
        1.8400000000000012, 
        1.8600000000000012, 
        1.8800000000000012, 
        1.9000000000000012, 
        1.9200000000000013, 
        1.9400000000000013, 
        1.9600000000000013, 
        1.9800000000000013
    ], 
    "yname": "Visibility", 
    "yarray": [
        0.99870233998635272, 
        0.99216272670487327, 
        0.9897387608715249, 
        0.98683717601404097, 
        0.97369077728445352, 
        0.95105066295728657, 
        0.91511509761911203, 
        0.86766577509107268, 
        0.81207376670974829, 
        0.74198109201014062, 
        0.65680103257936862, 
        0.56373633628636954, 
        0.47444723001353722, 
        0.4088185073288827, 
        0.38075560758837879, 
        0.38504650569876053, 
        0.39900680611852846, 
        0.41075706488094871, 
        0.42693127320677032, 
        0.44935679929153155, 
        0.46495819178401609, 
        0.45803434452270836, 
        0.43248197370252989, 
        0.41256284609787008, 
        0.42448861999161519, 
        0.46764651666578849, 
        0.52992193830284073, 
        0.60559322434903795, 
        0.68799254679806199, 
        0.76964369288081058, 
        0.84358372910211477, 
        0.9039353622600792, 
        0.94718379434348898, 
        0.97351361238575607, 
        0.98666292702481062, 
        0.99130674117482387, 
        0.99128806179797668, 
        0.98970836185595945, 
        0.98822549521577563, 
        0.98641951133869721, 
        0.9824119383970279, 
        0.97358796243286361, 
        0.95765876615618062, 
        0.93355459781295858, 
        0.89776088455578673, 
        0.8467960285210806, 
        0.7802702172527195, 
        0.69996632364490907, 
        0.60901475313277231, 
        0.513531260071312, 
        0.41419375732327157, 
        0.34653210544924101, 
        0.3370855008874159, 
        0.35977128349576792, 
        0.3785518020866771, 
        0.38460625365044465, 
        0.40803863236588345, 
        0.43910895229084046, 
        0.47105489488129987, 
        0.50465192374028101, 
        0.54160660861597854, 
        0.58549469175454705, 
        0.63579385087504048, 
        0.6928206369802532, 
        0.75557441334328146, 
        0.81912254462071654, 
        0.87818635140277879, 
        0.92646391513832815, 
        0.95886681270293084, 
        0.97725897009294282, 
        0.98544082741990446, 
        0.98486811786781969, 
        0.97677012552907538, 
        0.96644746219662792, 
        0.95567673263349429, 
        0.94324076296626713, 
        0.92751042545064966, 
        0.90671065576282295, 
        0.86766461920537652, 
        0.80375551748873197, 
        0.7146787832521948, 
        0.59181518952542311, 
        0.46694036396586136, 
        0.4081479955268435, 
        0.42836293034251366, 
        0.4646727601766914, 
        0.45848291994433693, 
        0.40504423815478602, 
        0.34620083091649689, 
        0.30012247671208003, 
        0.27022689206983036, 
        0.26735552317807065, 
        0.29272393280494341, 
        0.3497961352095707, 
        0.43411891528761742, 
        0.52925132948540143, 
        0.62234310959058514, 
        0.71108986101439142, 
        0.7928519781193295
    ], 
    "ymin": 0, 
    "xname": "Time, s", 
    "name": "Classical GPEs"
}