{
    "ymax": 1, 
    "format": "xy", 
    "xarray": [
        0.02, 
        0.040000000000000001, 
        0.059999999999999998, 
        0.080000000000000002, 
        0.10000000000000001, 
        0.12000000000000001, 
        0.14000000000000001, 
        0.16, 
        0.17999999999999999, 
        0.19999999999999998, 
        0.21999999999999997, 
        0.23999999999999996, 
        0.25999999999999995, 
        0.27999999999999997, 
        0.29999999999999999, 
        0.32000000000000001, 
        0.34000000000000002, 
        0.36000000000000004, 
        0.38000000000000006, 
        0.40000000000000008, 
        0.4200000000000001, 
        0.44000000000000011, 
        0.46000000000000013, 
        0.48000000000000015, 
        0.50000000000000011, 
        0.52000000000000013, 
        0.54000000000000015, 
        0.56000000000000016, 
        0.58000000000000018, 
        0.6000000000000002, 
        0.62000000000000022, 
        0.64000000000000024, 
        0.66000000000000025, 
        0.68000000000000027, 
        0.70000000000000029, 
        0.72000000000000031, 
        0.74000000000000032, 
        0.76000000000000034, 
        0.78000000000000036, 
        0.80000000000000038, 
        0.8200000000000004, 
        0.84000000000000041, 
        0.86000000000000043, 
        0.88000000000000045, 
        0.90000000000000047, 
        0.92000000000000048, 
        0.9400000000000005, 
        0.96000000000000052, 
        0.98000000000000054, 
        1.0000000000000004, 
        1.0200000000000005, 
        1.0400000000000005, 
        1.0600000000000005, 
        1.0800000000000005, 
        1.1000000000000005, 
        1.1200000000000006, 
        1.1400000000000006, 
        1.1600000000000006, 
        1.1800000000000006, 
        1.2000000000000006, 
        1.2200000000000006, 
        1.2400000000000007, 
        1.2600000000000007, 
        1.2800000000000007, 
        1.3000000000000007, 
        1.3200000000000007, 
        1.3400000000000007, 
        1.3600000000000008, 
        1.3800000000000008, 
        1.4000000000000008, 
        1.4200000000000008, 
        1.4400000000000008, 
        1.4600000000000009, 
        1.4800000000000009, 
        1.5000000000000009, 
        1.5200000000000009, 
        1.5400000000000009, 
        1.5600000000000009, 
        1.580000000000001, 
        1.600000000000001, 
        1.620000000000001, 
        1.6400000000000001, 
        1.6600000000000001, 
        1.6800000000000002, 
        1.7000000000000002, 
        1.7200000000000002, 
        1.7400000000000002, 
        1.7600000000000002, 
        1.7800000000000002, 
        1.8000000000000003, 
        1.8200000000000003, 
        1.8400000000000003, 
        1.8600000000000003, 
        1.8800000000000003, 
        1.9000000000000004, 
        1.9200000000000004, 
        1.9400000000000004, 
        1.9600000000000004, 
        1.9800000000000004
    ], 
    "yname": "Visibility", 
    "yarray": [
        0.99716848402674363, 
        0.98897715607234271, 
        0.98460694612386102, 
        0.97931109527362348, 
        0.96376755947159909, 
        0.93876233296579947, 
        0.90067457366556758, 
        0.8509717340767049, 
        0.7931998015385705, 
        0.72119370913187331, 
        0.63561801652869854, 
        0.54200471084704749, 
        0.45434036559544472, 
        0.39205699063133509, 
        0.36750410260753408, 
        0.37152564346831318, 
        0.38323375071069549, 
        0.39211233306969939, 
        0.40571393208465617, 
        0.42498734997189436, 
        0.43413604941013201, 
        0.42255588772485975, 
        0.40150106781446565, 
        0.39349544285738275, 
        0.41590960067483507, 
        0.46313695265390964, 
        0.52358208860893729, 
        0.59255504618451982, 
        0.66319975766965222, 
        0.72804575003849492, 
        0.78522654563957928, 
        0.83004675373008885, 
        0.85891669390732017, 
        0.87503732355799246, 
        0.88066386655809703, 
        0.88134154698069533, 
        0.87767326044678018, 
        0.87307982514743843, 
        0.86751504350268582, 
        0.8619272379442251, 
        0.85283404757629988, 
        0.83927375314676689, 
        0.81806663400429347, 
        0.78886583471379301, 
        0.74706687120751836, 
        0.69648474907245761, 
        0.63260985303088912, 
        0.5590571037386034, 
        0.47184040861163162, 
        0.38708876625969413, 
        0.3242108752026624, 
        0.30255335404335482, 
        0.31032745686813556, 
        0.32518581015809894, 
        0.33593208368167266, 
        0.35055221386446211, 
        0.36775871620533418, 
        0.38836256750050308, 
        0.4069089810835313, 
        0.43323284224756753, 
        0.46555426243149556, 
        0.50446635729098255, 
        0.54875511235980534, 
        0.59413053690547923, 
        0.63511123365503253, 
        0.67344266314885215, 
        0.70020882757996783, 
        0.72027606166613289, 
        0.73195195454230355, 
        0.73765478974793774, 
        0.73794463402986266, 
        0.7339451695836483, 
        0.72773271193484446, 
        0.71916536708957313, 
        0.70974025089756654, 
        0.69149058061615498, 
        0.66857422955195189, 
        0.6336009061293133, 
        0.58400739010930347, 
        0.51618462514924668, 
        0.43208642515215229, 
        0.35832773034532928, 
        0.31663156596190645, 
        0.31307040256157548, 
        0.31398874409798355, 
        0.3060790596309248, 
        0.27700614089017273, 
        0.24464054790455594, 
        0.21995769590809716, 
        0.20835615977348901, 
        0.21519024848920867, 
        0.24212603394096205, 
        0.27481407220809534, 
        0.31983981470500733, 
        0.37383472446265165, 
        0.42267340345563859, 
        0.46958827861889718, 
        0.51037327345970074, 
        0.54365596607000677
    ], 
    "ymin": 0, 
    "xname": "Time, s", 
    "name": "Stochastic GPEs"
}